"positive","negative"
"female, bright commercial gym, light ivory sports bra and pale blue high-waist leggings, hair down, candid mirror-side moment adjusting wrist wraps before lifting, natural gym lighting, realistic fitness photo","wrong identity, different person, face swap, identity drift, duplicate person, extra people, nudity, explicit, nsfw, see-through clothing, exposed nipples, exposed genitals, cameltoe, overly sexual pose, fetish pose, distorted anatomy, extra limbs, missing fingers, bad hands, warped face, plastic skin, over-retouched skin, blurry, low resolution, harsh flash, oversaturated, all-black outfit, dark-only wardrobe, text, watermark, logo"
"female, weight room, white cropped tank and soft mint biker shorts, loose hair over one shoulder, loading plates onto a barbell, candid action, realistic athletic lifestyle photo","wrong identity, different person, face swap, identity drift, duplicate person, extra people, nudity, explicit, nsfw, see-through clothing, exposed nipples, exposed genitals, cameltoe, overly sexual pose, fetish pose, distorted anatomy, extra limbs, missing fingers, bad hands, warped face, plastic skin, over-retouched skin, blurry, low resolution, harsh flash, oversaturated, all-black outfit, dark-only wardrobe, text, watermark, logo"
"female, squat rack, blush pink fitted crop top and cream leggings, hair in a low ponytail, pausing between back squat sets with hands on bar, focused expression, clean gym environment","wrong identity, different person, face swap, identity drift, duplicate person, extra people, nudity, explicit, nsfw, see-through clothing, exposed nipples, exposed genitals, cameltoe, overly sexual pose, fetish pose, distorted anatomy, extra limbs, missing fingers, bad hands, warped face, plastic skin, over-retouched skin, blurry, low resolution, harsh flash, oversaturated, all-black outfit, dark-only wardrobe, text, watermark, logo"
"female, dumbbell area, pale yellow sports bra and light gray joggers, hair down, seated on bench choosing dumbbells, casual candid prep moment, realistic gym photography","wrong identity, different person, face swap, identity drift, duplicate person, extra people, nudity, explicit, nsfw, see-through clothing, exposed nipples, exposed genitals, cameltoe, overly sexual pose, fetish pose, distorted anatomy, extra limbs, missing fingers, bad hands, warped face, plastic skin, over-retouched skin, blurry, low resolution, harsh flash, oversaturated, all-black outfit, dark-only wardrobe, text, watermark, logo"
"female, bright gym floor, powder blue zip-up hoodie half open over a white sports bra with matching leggings, hair in a messy bun, stretching shoulders before workout, tasteful confident vibe","wrong identity, different person, face swap, identity drift, duplicate person, extra people, nudity, explicit, nsfw, see-through clothing, exposed nipples, exposed genitals, cameltoe, overly sexual pose, fetish pose, distorted anatomy, extra limbs, missing fingers, bad hands, warped face, plastic skin, over-retouched skin, blurry, low resolution, harsh flash, oversaturated, all-black outfit, dark-only wardrobe, text, watermark, logo"
"female, boxing gym, white hand wraps, soft lavender crop tank and cream shorts, hair down, candid moment tightening gloves near heavy bag, cinematic fitness lifestyle","wrong identity, different person, face swap, identity drift, duplicate person, extra people, nudity, explicit, nsfw, see-through clothing, exposed nipples, exposed genitals, cameltoe, overly sexual pose, fetish pose, distorted anatomy, extra limbs, missing fingers, bad hands, warped face, plastic skin, over-retouched skin, blurry, low resolution, harsh flash, oversaturated, all-black outfit, dark-only wardrobe, text, watermark, logo"
"female, boxing ring corner, pale teal sports bra and white joggers, hair in a high ponytail, leaning on ropes between rounds, athletic and confident, realistic photo","wrong identity, different person, face swap, identity drift, duplicate person, extra people, nudity, explicit, nsfw, see-through clothing, exposed nipples, exposed genitals, cameltoe, overly sexual pose, fetish pose, distorted anatomy, extra limbs, missing fingers, bad hands, warped face, plastic skin, over-retouched skin, blurry, low resolution, harsh flash, oversaturated, all-black outfit, dark-only wardrobe, text, watermark, logo"
"female, MMA training mat, light gray fitted rashguard top and pastel blue leggings, hair braided, practicing guarded stance, clean dojo lighting, realistic action shot","wrong identity, different person, face swap, identity drift, duplicate person, extra people, nudity, explicit, nsfw, see-through clothing, exposed nipples, exposed genitals, cameltoe, overly sexual pose, fetish pose, distorted anatomy, extra limbs, missing fingers, bad hands, warped face, plastic skin, over-retouched skin, blurry, low resolution, harsh flash, oversaturated, all-black outfit, dark-only wardrobe, text, watermark, logo"
"female, yoga studio, ivory wrap top and dusty rose leggings, hair down, seated on mat with water bottle beside her, candid calm pre-class moment, natural window light","wrong identity, different person, face swap, identity drift, duplicate person, extra people, nudity, explicit, nsfw, see-through clothing, exposed nipples, exposed genitals, cameltoe, overly sexual pose, fetish pose, distorted anatomy, extra limbs, missing fingers, bad hands, warped face, plastic skin, over-retouched skin, blurry, low resolution, harsh flash, oversaturated, all-black outfit, dark-only wardrobe, text, watermark, logo"
"female, indoor track, white cropped tee and sky blue running shorts, hair in a loose ponytail, tying running shoes on the bench, candid prep photo, realistic sports lifestyle","wrong identity, different person, face swap, identity drift, duplicate person, extra people, nudity, explicit, nsfw, see-through clothing, exposed nipples, exposed genitals, cameltoe, overly sexual pose, fetish pose, distorted anatomy, extra limbs, missing fingers, bad hands, warped face, plastic skin, over-retouched skin, blurry, low resolution, harsh flash, oversaturated, all-black outfit, dark-only wardrobe, text, watermark, logo"
"female, gym mirror wall, pale peach sports bra and cream leggings, hair down, holding resistance band with relaxed confident posture, tasteful sexy athletic style, realistic photo","wrong identity, different person, face swap, identity drift, duplicate person, extra people, nudity, explicit, nsfw, see-through clothing, exposed nipples, exposed genitals, cameltoe, overly sexual pose, fetish pose, distorted anatomy, extra limbs, missing fingers, bad hands, warped face, plastic skin, over-retouched skin, blurry, low resolution, harsh flash, oversaturated, all-black outfit, dark-only wardrobe, text, watermark, logo"
"female, cable machine area, white tank knotted at waist and light aqua leggings, hair in a bun, performing cable rows, focused movement, clean commercial gym","wrong identity, different person, face swap, identity drift, duplicate person, extra people, nudity, explicit, nsfw, see-through clothing, exposed nipples, exposed genitals, cameltoe, overly sexual pose, fetish pose, distorted anatomy, extra limbs, missing fingers, bad hands, warped face, plastic skin, over-retouched skin, blurry, low resolution, harsh flash, oversaturated, all-black outfit, dark-only wardrobe, text, watermark, logo"
"female, free-weight area, light beige sports bra and soft pink sweatpants, hair down, standing with kettlebell at her side, candid glance away, realistic gym editorial","wrong identity, different person, face swap, identity drift, duplicate person, extra people, nudity, explicit, nsfw, see-through clothing, exposed nipples, exposed genitals, cameltoe, overly sexual pose, fetish pose, distorted anatomy, extra limbs, missing fingers, bad hands, warped face, plastic skin, over-retouched skin, blurry, low resolution, harsh flash, oversaturated, all-black outfit, dark-only wardrobe, text, watermark, logo"
"female, leg press machine, powder pink fitted top and white leggings, hair in a low ponytail, preparing for leg press with feet positioned, realistic athletic photo","wrong identity, different person, face swap, identity drift, duplicate person, extra people, nudity, explicit, nsfw, see-through clothing, exposed nipples, exposed genitals, cameltoe, overly sexual pose, fetish pose, distorted anatomy, extra limbs, missing fingers, bad hands, warped face, plastic skin, over-retouched skin, blurry, low resolution, harsh flash, oversaturated, all-black outfit, dark-only wardrobe, text, watermark, logo"
"female, boxing gym, cream cropped hoodie and pale blue compression shorts, hair down, shadowboxing in front of mirror, energetic candid motion, realistic fitness photography","wrong identity, different person, face swap, identity drift, duplicate person, extra people, nudity, explicit, nsfw, see-through clothing, exposed nipples, exposed genitals, cameltoe, overly sexual pose, fetish pose, distorted anatomy, extra limbs, missing fingers, bad hands, warped face, plastic skin, over-retouched skin, blurry, low resolution, harsh flash, oversaturated, all-black outfit, dark-only wardrobe, text, watermark, logo"
"female, MMA cage training area, white fitted athletic top and lavender leggings, hair in a braid, practicing footwork along cage wall, athletic action shot","wrong identity, different person, face swap, identity drift, duplicate person, extra people, nudity, explicit, nsfw, see-through clothing, exposed nipples, exposed genitals, cameltoe, overly sexual pose, fetish pose, distorted anatomy, extra limbs, missing fingers, bad hands, warped face, plastic skin, over-retouched skin, blurry, low resolution, harsh flash, oversaturated, all-black outfit, dark-only wardrobe, text, watermark, logo"
"female, yoga studio, pale green sports bra and cream flared yoga pants, hair down, holding warrior pose, soft sunlight, calm realistic wellness photo","wrong identity, different person, face swap, identity drift, duplicate person, extra people, nudity, explicit, nsfw, see-through clothing, exposed nipples, exposed genitals, cameltoe, overly sexual pose, fetish pose, distorted anatomy, extra limbs, missing fingers, bad hands, warped face, plastic skin, over-retouched skin, blurry, low resolution, harsh flash, oversaturated, all-black outfit, dark-only wardrobe, text, watermark, logo"
"female, gym stretching zone, white oversized tee over blush shorts, hair in a messy ponytail, seated hamstring stretch with sneakers nearby, candid recovery moment","wrong identity, different person, face swap, identity drift, duplicate person, extra people, nudity, explicit, nsfw, see-through clothing, exposed nipples, exposed genitals, cameltoe, overly sexual pose, fetish pose, distorted anatomy, extra limbs, missing fingers, bad hands, warped face, plastic skin, over-retouched skin, blurry, low resolution, harsh flash, oversaturated, all-black outfit, dark-only wardrobe, text, watermark, logo"
"female, treadmill row, light blue sports bra and white running shorts, hair down flowing naturally, walking cooldown with towel over shoulder, candid gym moment","wrong identity, different person, face swap, identity drift, duplicate person, extra people, nudity, explicit, nsfw, see-through clothing, exposed nipples, exposed genitals, cameltoe, overly sexual pose, fetish pose, distorted anatomy, extra limbs, missing fingers, bad hands, warped face, plastic skin, over-retouched skin, blurry, low resolution, harsh flash, oversaturated, all-black outfit, dark-only wardrobe, text, watermark, logo"
"female, bright locker room entrance, cream cropped sweatshirt and pale pink leggings, hair down, holding gym bag and smoothie, candid arriving-at-the-gym photo","wrong identity, different person, face swap, identity drift, duplicate person, extra people, nudity, explicit, nsfw, see-through clothing, exposed nipples, exposed genitals, cameltoe, overly sexual pose, fetish pose, distorted anatomy, extra limbs, missing fingers, bad hands, warped face, plastic skin, over-retouched skin, blurry, low resolution, harsh flash, oversaturated, all-black outfit, dark-only wardrobe, text, watermark, logo"
"female, weightlifting platform, white fitted tank and pastel lilac leggings, hair tied back, deadlift setup with hands on bar, focused athletic realism","wrong identity, different person, face swap, identity drift, duplicate person, extra people, nudity, explicit, nsfw, see-through clothing, exposed nipples, exposed genitals, cameltoe, overly sexual pose, fetish pose, distorted anatomy, extra limbs, missing fingers, bad hands, warped face, plastic skin, over-retouched skin, blurry, low resolution, harsh flash, oversaturated, all-black outfit, dark-only wardrobe, text, watermark, logo"
"female, dumbbell rack, soft mint sports bra and ivory shorts, hair down, selecting a dumbbell with casual confident posture, realistic candid gym photo","wrong identity, different person, face swap, identity drift, duplicate person, extra people, nudity, explicit, nsfw, see-through clothing, exposed nipples, exposed genitals, cameltoe, overly sexual pose, fetish pose, distorted anatomy, extra limbs, missing fingers, bad hands, warped face, plastic skin, over-retouched skin, blurry, low resolution, harsh flash, oversaturated, all-black outfit, dark-only wardrobe, text, watermark, logo"
"female, boxing heavy bag area, pale yellow fitted tee and white leggings, hair in a ponytail, mid-punch on heavy bag, realistic motion blur, athletic energy","wrong identity, different person, face swap, identity drift, duplicate person, extra people, nudity, explicit, nsfw, see-through clothing, exposed nipples, exposed genitals, cameltoe, overly sexual pose, fetish pose, distorted anatomy, extra limbs, missing fingers, bad hands, warped face, plastic skin, over-retouched skin, blurry, low resolution, harsh flash, oversaturated, all-black outfit, dark-only wardrobe, text, watermark, logo"
"female, MMA mat, light blue cropped rashguard and cream joggers, hair down tucked behind ears, practicing low stance and guard, realistic training photo","wrong identity, different person, face swap, identity drift, duplicate person, extra people, nudity, explicit, nsfw, see-through clothing, exposed nipples, exposed genitals, cameltoe, overly sexual pose, fetish pose, distorted anatomy, extra limbs, missing fingers, bad hands, warped face, plastic skin, over-retouched skin, blurry, low resolution, harsh flash, oversaturated, all-black outfit, dark-only wardrobe, text, watermark, logo"
"female, yoga mat, white sports bra under pale peach open cardigan and beige leggings, hair down, gentle side stretch, tasteful soft wellness lighting","wrong identity, different person, face swap, identity drift, duplicate person, extra people, nudity, explicit, nsfw, see-through clothing, exposed nipples, exposed genitals, cameltoe, overly sexual pose, fetish pose, distorted anatomy, extra limbs, missing fingers, bad hands, warped face, plastic skin, over-retouched skin, blurry, low resolution, harsh flash, oversaturated, all-black outfit, dark-only wardrobe, text, watermark, logo"
"female, gym floor, pastel turquoise sports bra and white tennis skirt style workout skort, hair in high ponytail, holding medicine ball at chest, bright clean gym","wrong identity, different person, face swap, identity drift, duplicate person, extra people, nudity, explicit, nsfw, see-through clothing, exposed nipples, exposed genitals, cameltoe, overly sexual pose, fetish pose, distorted anatomy, extra limbs, missing fingers, bad hands, warped face, plastic skin, over-retouched skin, blurry, low resolution, harsh flash, oversaturated, all-black outfit, dark-only wardrobe, text, watermark, logo"
"female, rowing machine area, pale pink tank and light gray leggings, hair down, candid mid-row workout, realistic athletic indoor lighting","wrong identity, different person, face swap, identity drift, duplicate person, extra people, nudity, explicit, nsfw, see-through clothing, exposed nipples, exposed genitals, cameltoe, overly sexual pose, fetish pose, distorted anatomy, extra limbs, missing fingers, bad hands, warped face, plastic skin, over-retouched skin, blurry, low resolution, harsh flash, oversaturated, all-black outfit, dark-only wardrobe, text, watermark, logo"
"female, stair climber area, cream sports bra and sky blue leggings, hair in a loose bun, stepping with focused posture, candid gym action","wrong identity, different person, face swap, identity drift, duplicate person, extra people, nudity, explicit, nsfw, see-through clothing, exposed nipples, exposed genitals, cameltoe, overly sexual pose, fetish pose, distorted anatomy, extra limbs, missing fingers, bad hands, warped face, plastic skin, over-retouched skin, blurry, low resolution, harsh flash, oversaturated, all-black outfit, dark-only wardrobe, text, watermark, logo"
"female, functional training area, white crop top and pale green cargo-style workout pants, hair down, carrying battle ropes, confident fitness editorial","wrong identity, different person, face swap, identity drift, duplicate person, extra people, nudity, explicit, nsfw, see-through clothing, exposed nipples, exposed genitals, cameltoe, overly sexual pose, fetish pose, distorted anatomy, extra limbs, missing fingers, bad hands, warped face, plastic skin, over-retouched skin, blurry, low resolution, harsh flash, oversaturated, all-black outfit, dark-only wardrobe, text, watermark, logo"
"female, gym mirror, light lavender sports bra and ivory leggings, hair down, tasteful sexy pose adjusting waistband after workout, realistic candid photo","wrong identity, different person, face swap, identity drift, duplicate person, extra people, nudity, explicit, nsfw, see-through clothing, exposed nipples, exposed genitals, cameltoe, overly sexual pose, fetish pose, distorted anatomy, extra limbs, missing fingers, bad hands, warped face, plastic skin, over-retouched skin, blurry, low resolution, harsh flash, oversaturated, all-black outfit, dark-only wardrobe, text, watermark, logo"
"female, squat rack, cream fitted long-sleeve crop top and powder blue leggings, hair in a braid, front squat setup, clean realistic gym photography","wrong identity, different person, face swap, identity drift, duplicate person, extra people, nudity, explicit, nsfw, see-through clothing, exposed nipples, exposed genitals, cameltoe, overly sexual pose, fetish pose, distorted anatomy, extra limbs, missing fingers, bad hands, warped face, plastic skin, over-retouched skin, blurry, low resolution, harsh flash, oversaturated, all-black outfit, dark-only wardrobe, text, watermark, logo"
"female, bench press station, white tank and blush pink biker shorts, hair down, sitting on bench resting hands on barbell, candid between-sets moment","wrong identity, different person, face swap, identity drift, duplicate person, extra people, nudity, explicit, nsfw, see-through clothing, exposed nipples, exposed genitals, cameltoe, overly sexual pose, fetish pose, distorted anatomy, extra limbs, missing fingers, bad hands, warped face, plastic skin, over-retouched skin, blurry, low resolution, harsh flash, oversaturated, all-black outfit, dark-only wardrobe, text, watermark, logo"
"female, boxing ring, pale blue sports bra and white track pants, hair down, bouncing lightly on feet with gloves raised, realistic action photo","wrong identity, different person, face swap, identity drift, duplicate person, extra people, nudity, explicit, nsfw, see-through clothing, exposed nipples, exposed genitals, cameltoe, overly sexual pose, fetish pose, distorted anatomy, extra limbs, missing fingers, bad hands, warped face, plastic skin, over-retouched skin, blurry, low resolution, harsh flash, oversaturated, all-black outfit, dark-only wardrobe, text, watermark, logo"
"female, MMA gym, cream sleeveless hoodie and pastel green leggings, hair in low ponytail, practicing knee strike on training pad, realistic martial arts photo","wrong identity, different person, face swap, identity drift, duplicate person, extra people, nudity, explicit, nsfw, see-through clothing, exposed nipples, exposed genitals, cameltoe, overly sexual pose, fetish pose, distorted anatomy, extra limbs, missing fingers, bad hands, warped face, plastic skin, over-retouched skin, blurry, low resolution, harsh flash, oversaturated, all-black outfit, dark-only wardrobe, text, watermark, logo"
"female, yoga studio, light yellow crop tank and white leggings, hair in loose braid, downward dog pose, clean serene studio lighting","wrong identity, different person, face swap, identity drift, duplicate person, extra people, nudity, explicit, nsfw, see-through clothing, exposed nipples, exposed genitals, cameltoe, overly sexual pose, fetish pose, distorted anatomy, extra limbs, missing fingers, bad hands, warped face, plastic skin, over-retouched skin, blurry, low resolution, harsh flash, oversaturated, all-black outfit, dark-only wardrobe, text, watermark, logo"
"female, bright gym, white racerback tank and pale lavender shorts, hair down, filling water bottle at station, candid lifestyle gym moment","wrong identity, different person, face swap, identity drift, duplicate person, extra people, nudity, explicit, nsfw, see-through clothing, exposed nipples, exposed genitals, cameltoe, overly sexual pose, fetish pose, distorted anatomy, extra limbs, missing fingers, bad hands, warped face, plastic skin, over-retouched skin, blurry, low resolution, harsh flash, oversaturated, all-black outfit, dark-only wardrobe, text, watermark, logo"
"female, cable station, powder pink sports bra and cream joggers, hair in messy bun, performing tricep rope pushdown, realistic training photo","wrong identity, different person, face swap, identity drift, duplicate person, extra people, nudity, explicit, nsfw, see-through clothing, exposed nipples, exposed genitals, cameltoe, overly sexual pose, fetish pose, distorted anatomy, extra limbs, missing fingers, bad hands, warped face, plastic skin, over-retouched skin, blurry, low resolution, harsh flash, oversaturated, all-black outfit, dark-only wardrobe, text, watermark, logo"
"female, free weights, pale blue cropped hoodie and white leggings, hair down, doing dumbbell shoulder press seated on bench, clean fitness lighting","wrong identity, different person, face swap, identity drift, duplicate person, extra people, nudity, explicit, nsfw, see-through clothing, exposed nipples, exposed genitals, cameltoe, overly sexual pose, fetish pose, distorted anatomy, extra limbs, missing fingers, bad hands, warped face, plastic skin, over-retouched skin, blurry, low resolution, harsh flash, oversaturated, all-black outfit, dark-only wardrobe, text, watermark, logo"
"female, boxing gym, ivory crop top and mint shorts, hair in ponytail, skipping rope near heavy bags, candid action shot, realistic sports photography","wrong identity, different person, face swap, identity drift, duplicate person, extra people, nudity, explicit, nsfw, see-through clothing, exposed nipples, exposed genitals, cameltoe, overly sexual pose, fetish pose, distorted anatomy, extra limbs, missing fingers, bad hands, warped face, plastic skin, over-retouched skin, blurry, low resolution, harsh flash, oversaturated, all-black outfit, dark-only wardrobe, text, watermark, logo"
"female, indoor track, soft peach tank and cream running shorts, hair down, stretching calves against wall, candid warmup moment","wrong identity, different person, face swap, identity drift, duplicate person, extra people, nudity, explicit, nsfw, see-through clothing, exposed nipples, exposed genitals, cameltoe, overly sexual pose, fetish pose, distorted anatomy, extra limbs, missing fingers, bad hands, warped face, plastic skin, over-retouched skin, blurry, low resolution, harsh flash, oversaturated, all-black outfit, dark-only wardrobe, text, watermark, logo"
"female, weight room mirror, pale pink sports bra and light gray leggings, hair down, tasteful confident selfie-style gym pose without phone blocking face, realistic","wrong identity, different person, face swap, identity drift, duplicate person, extra people, nudity, explicit, nsfw, see-through clothing, exposed nipples, exposed genitals, cameltoe, overly sexual pose, fetish pose, distorted anatomy, extra limbs, missing fingers, bad hands, warped face, plastic skin, over-retouched skin, blurry, low resolution, harsh flash, oversaturated, all-black outfit, dark-only wardrobe, text, watermark, logo"
"female, gym mat, white fitted crop tee and pastel blue leggings, hair in low bun, plank hold with controlled posture, realistic fitness photo","wrong identity, different person, face swap, identity drift, duplicate person, extra people, nudity, explicit, nsfw, see-through clothing, exposed nipples, exposed genitals, cameltoe, overly sexual pose, fetish pose, distorted anatomy, extra limbs, missing fingers, bad hands, warped face, plastic skin, over-retouched skin, blurry, low resolution, harsh flash, oversaturated, all-black outfit, dark-only wardrobe, text, watermark, logo"
"female, kettlebell area, cream sports bra and dusty rose joggers, hair down, kettlebell swing action, athletic realistic motion","wrong identity, different person, face swap, identity drift, duplicate person, extra people, nudity, explicit, nsfw, see-through clothing, exposed nipples, exposed genitals, cameltoe, overly sexual pose, fetish pose, distorted anatomy, extra limbs, missing fingers, bad hands, warped face, plastic skin, over-retouched skin, blurry, low resolution, harsh flash, oversaturated, all-black outfit, dark-only wardrobe, text, watermark, logo"
"female, boxing gym, pale lavender wrap top and white leggings, hair down, leaning against heavy bag after training, tasteful sexy athletic style","wrong identity, different person, face swap, identity drift, duplicate person, extra people, nudity, explicit, nsfw, see-through clothing, exposed nipples, exposed genitals, cameltoe, overly sexual pose, fetish pose, distorted anatomy, extra limbs, missing fingers, bad hands, warped face, plastic skin, over-retouched skin, blurry, low resolution, harsh flash, oversaturated, all-black outfit, dark-only wardrobe, text, watermark, logo"
"female, MMA mat, light gray tank and powder pink leggings, hair braided, practicing push kick toward pad, realistic training environment","wrong identity, different person, face swap, identity drift, duplicate person, extra people, nudity, explicit, nsfw, see-through clothing, exposed nipples, exposed genitals, cameltoe, overly sexual pose, fetish pose, distorted anatomy, extra limbs, missing fingers, bad hands, warped face, plastic skin, over-retouched skin, blurry, low resolution, harsh flash, oversaturated, all-black outfit, dark-only wardrobe, text, watermark, logo"
"female, yoga studio window, ivory sports bra and pale green leggings, hair down, standing tree pose, calm realistic wellness shot","wrong identity, different person, face swap, identity drift, duplicate person, extra people, nudity, explicit, nsfw, see-through clothing, exposed nipples, exposed genitals, cameltoe, overly sexual pose, fetish pose, distorted anatomy, extra limbs, missing fingers, bad hands, warped face, plastic skin, over-retouched skin, blurry, low resolution, harsh flash, oversaturated, all-black outfit, dark-only wardrobe, text, watermark, logo"
"female, treadmill, white crop hoodie and sky blue biker shorts, hair in ponytail, light jog with natural movement, bright gym lighting","wrong identity, different person, face swap, identity drift, duplicate person, extra people, nudity, explicit, nsfw, see-through clothing, exposed nipples, exposed genitals, cameltoe, overly sexual pose, fetish pose, distorted anatomy, extra limbs, missing fingers, bad hands, warped face, plastic skin, over-retouched skin, blurry, low resolution, harsh flash, oversaturated, all-black outfit, dark-only wardrobe, text, watermark, logo"
"female, gym locker bench, pale yellow sweatshirt and cream leggings, hair down, changing into training shoes, candid pre-workout moment","wrong identity, different person, face swap, identity drift, duplicate person, extra people, nudity, explicit, nsfw, see-through clothing, exposed nipples, exposed genitals, cameltoe, overly sexual pose, fetish pose, distorted anatomy, extra limbs, missing fingers, bad hands, warped face, plastic skin, over-retouched skin, blurry, low resolution, harsh flash, oversaturated, all-black outfit, dark-only wardrobe, text, watermark, logo"
"female, weightlifting platform, blush pink fitted tank and white shorts, hair in a braid, clean and jerk setup, focused powerful stance","wrong identity, different person, face swap, identity drift, duplicate person, extra people, nudity, explicit, nsfw, see-through clothing, exposed nipples, exposed genitals, cameltoe, overly sexual pose, fetish pose, distorted anatomy, extra limbs, missing fingers, bad hands, warped face, plastic skin, over-retouched skin, blurry, low resolution, harsh flash, oversaturated, all-black outfit, dark-only wardrobe, text, watermark, logo"
"female, dumbbell bench, soft mint sports bra and light beige leggings, hair down, leaning forward tying shoe beside dumbbells, candid athletic photo","wrong identity, different person, face swap, identity drift, duplicate person, extra people, nudity, explicit, nsfw, see-through clothing, exposed nipples, exposed genitals, cameltoe, overly sexual pose, fetish pose, distorted anatomy, extra limbs, missing fingers, bad hands, warped face, plastic skin, over-retouched skin, blurry, low resolution, harsh flash, oversaturated, all-black outfit, dark-only wardrobe, text, watermark, logo"
"female, boxing ring ropes, white cropped athletic tee and pastel blue shorts, hair down, resting forearms on ropes, confident tasteful gym portrait","wrong identity, different person, face swap, identity drift, duplicate person, extra people, nudity, explicit, nsfw, see-through clothing, exposed nipples, exposed genitals, cameltoe, overly sexual pose, fetish pose, distorted anatomy, extra limbs, missing fingers, bad hands, warped face, plastic skin, over-retouched skin, blurry, low resolution, harsh flash, oversaturated, all-black outfit, dark-only wardrobe, text, watermark, logo"
"female, MMA gym wall pads, cream fitted top and lavender joggers, hair in high ponytail, practicing elbow strike on pad, realistic martial arts action","wrong identity, different person, face swap, identity drift, duplicate person, extra people, nudity, explicit, nsfw, see-through clothing, exposed nipples, exposed genitals, cameltoe, overly sexual pose, fetish pose, distorted anatomy, extra limbs, missing fingers, bad hands, warped face, plastic skin, over-retouched skin, blurry, low resolution, harsh flash, oversaturated, all-black outfit, dark-only wardrobe, text, watermark, logo"
"female, yoga mat, pale peach tank and white flared leggings, hair down, seated twist pose, soft serene lighting, realistic wellness photo","wrong identity, different person, face swap, identity drift, duplicate person, extra people, nudity, explicit, nsfw, see-through clothing, exposed nipples, exposed genitals, cameltoe, overly sexual pose, fetish pose, distorted anatomy, extra limbs, missing fingers, bad hands, warped face, plastic skin, over-retouched skin, blurry, low resolution, harsh flash, oversaturated, all-black outfit, dark-only wardrobe, text, watermark, logo"
"female, stretching area, light blue sports bra and cream sweatpants, hair in loose bun, foam rolling calves, candid recovery gym moment","wrong identity, different person, face swap, identity drift, duplicate person, extra people, nudity, explicit, nsfw, see-through clothing, exposed nipples, exposed genitals, cameltoe, overly sexual pose, fetish pose, distorted anatomy, extra limbs, missing fingers, bad hands, warped face, plastic skin, over-retouched skin, blurry, low resolution, harsh flash, oversaturated, all-black outfit, dark-only wardrobe, text, watermark, logo"
"female, bright gym mirror, ivory fitted crop top and pale pink leggings, hair down, adjusting open light gray zip jacket, tasteful sexy SFW style","wrong identity, different person, face swap, identity drift, duplicate person, extra people, nudity, explicit, nsfw, see-through clothing, exposed nipples, exposed genitals, cameltoe, overly sexual pose, fetish pose, distorted anatomy, extra limbs, missing fingers, bad hands, warped face, plastic skin, over-retouched skin, blurry, low resolution, harsh flash, oversaturated, all-black outfit, dark-only wardrobe, text, watermark, logo"
"female, Smith machine, white sports bra and mint leggings, hair in ponytail, reverse lunge setup, realistic workout action","wrong identity, different person, face swap, identity drift, duplicate person, extra people, nudity, explicit, nsfw, see-through clothing, exposed nipples, exposed genitals, cameltoe, overly sexual pose, fetish pose, distorted anatomy, extra limbs, missing fingers, bad hands, warped face, plastic skin, over-retouched skin, blurry, low resolution, harsh flash, oversaturated, all-black outfit, dark-only wardrobe, text, watermark, logo"
"female, free-weight room, pale lavender tank and cream shorts, hair down, carrying two dumbbells across floor, candid athletic lifestyle photo","wrong identity, different person, face swap, identity drift, duplicate person, extra people, nudity, explicit, nsfw, see-through clothing, exposed nipples, exposed genitals, cameltoe, overly sexual pose, fetish pose, distorted anatomy, extra limbs, missing fingers, bad hands, warped face, plastic skin, over-retouched skin, blurry, low resolution, harsh flash, oversaturated, all-black outfit, dark-only wardrobe, text, watermark, logo"
"female, boxing heavy bag, light peach sports bra and white joggers, hair down, glove resting on bag while catching breath, cinematic gym realism","wrong identity, different person, face swap, identity drift, duplicate person, extra people, nudity, explicit, nsfw, see-through clothing, exposed nipples, exposed genitals, cameltoe, overly sexual pose, fetish pose, distorted anatomy, extra limbs, missing fingers, bad hands, warped face, plastic skin, over-retouched skin, blurry, low resolution, harsh flash, oversaturated, all-black outfit, dark-only wardrobe, text, watermark, logo"
"female, MMA sparring mat, powder blue fitted top and light gray leggings, hair in braid, guarded stance with focus, clean realistic gym lighting","wrong identity, different person, face swap, identity drift, duplicate person, extra people, nudity, explicit, nsfw, see-through clothing, exposed nipples, exposed genitals, cameltoe, overly sexual pose, fetish pose, distorted anatomy, extra limbs, missing fingers, bad hands, warped face, plastic skin, over-retouched skin, blurry, low resolution, harsh flash, oversaturated, all-black outfit, dark-only wardrobe, text, watermark, logo"
"female, yoga studio, white wrap top and blush leggings, hair down, slow lunge stretch, peaceful natural-light fitness photo","wrong identity, different person, face swap, identity drift, duplicate person, extra people, nudity, explicit, nsfw, see-through clothing, exposed nipples, exposed genitals, cameltoe, overly sexual pose, fetish pose, distorted anatomy, extra limbs, missing fingers, bad hands, warped face, plastic skin, over-retouched skin, blurry, low resolution, harsh flash, oversaturated, all-black outfit, dark-only wardrobe, text, watermark, logo"
"female, indoor running area, pale green crop tank and white running shorts, hair in ponytail, mid-stride warmup, realistic athletic action","wrong identity, different person, face swap, identity drift, duplicate person, extra people, nudity, explicit, nsfw, see-through clothing, exposed nipples, exposed genitals, cameltoe, overly sexual pose, fetish pose, distorted anatomy, extra limbs, missing fingers, bad hands, warped face, plastic skin, over-retouched skin, blurry, low resolution, harsh flash, oversaturated, all-black outfit, dark-only wardrobe, text, watermark, logo"
"female, gym reception area, cream tracksuit pants and pale blue cropped tank, hair down, candid check-in with gym bag on shoulder, lifestyle photo","wrong identity, different person, face swap, identity drift, duplicate person, extra people, nudity, explicit, nsfw, see-through clothing, exposed nipples, exposed genitals, cameltoe, overly sexual pose, fetish pose, distorted anatomy, extra limbs, missing fingers, bad hands, warped face, plastic skin, over-retouched skin, blurry, low resolution, harsh flash, oversaturated, all-black outfit, dark-only wardrobe, text, watermark, logo"
"female, barbell rack, white tank and soft pink leggings, hair in messy bun, unracking bar for overhead press, realistic workout photo","wrong identity, different person, face swap, identity drift, duplicate person, extra people, nudity, explicit, nsfw, see-through clothing, exposed nipples, exposed genitals, cameltoe, overly sexual pose, fetish pose, distorted anatomy, extra limbs, missing fingers, bad hands, warped face, plastic skin, over-retouched skin, blurry, low resolution, harsh flash, oversaturated, all-black outfit, dark-only wardrobe, text, watermark, logo"
"female, dumbbell zone, ivory sports bra and pale yellow shorts, hair down, seated side angle doing bicep curls, tasteful athletic photo","wrong identity, different person, face swap, identity drift, duplicate person, extra people, nudity, explicit, nsfw, see-through clothing, exposed nipples, exposed genitals, cameltoe, overly sexual pose, fetish pose, distorted anatomy, extra limbs, missing fingers, bad hands, warped face, plastic skin, over-retouched skin, blurry, low resolution, harsh flash, oversaturated, all-black outfit, dark-only wardrobe, text, watermark, logo"
"female, boxing gym mirror, light blue crop top and white leggings, hair down, wrapping hands while looking toward mirror, candid preparation shot","wrong identity, different person, face swap, identity drift, duplicate person, extra people, nudity, explicit, nsfw, see-through clothing, exposed nipples, exposed genitals, cameltoe, overly sexual pose, fetish pose, distorted anatomy, extra limbs, missing fingers, bad hands, warped face, plastic skin, over-retouched skin, blurry, low resolution, harsh flash, oversaturated, all-black outfit, dark-only wardrobe, text, watermark, logo"
"female, MMA training mat, cream rashguard and dusty rose leggings, hair in low ponytail, grappling stance drill, realistic martial arts training","wrong identity, different person, face swap, identity drift, duplicate person, extra people, nudity, explicit, nsfw, see-through clothing, exposed nipples, exposed genitals, cameltoe, overly sexual pose, fetish pose, distorted anatomy, extra limbs, missing fingers, bad hands, warped face, plastic skin, over-retouched skin, blurry, low resolution, harsh flash, oversaturated, all-black outfit, dark-only wardrobe, text, watermark, logo"
"female, yoga mat, pastel lavender sports bra and cream leggings, hair down, bridge pose, serene realistic wellness lighting","wrong identity, different person, face swap, identity drift, duplicate person, extra people, nudity, explicit, nsfw, see-through clothing, exposed nipples, exposed genitals, cameltoe, overly sexual pose, fetish pose, distorted anatomy, extra limbs, missing fingers, bad hands, warped face, plastic skin, over-retouched skin, blurry, low resolution, harsh flash, oversaturated, all-black outfit, dark-only wardrobe, text, watermark, logo"
"female, gym stretching corner, white oversized hoodie open over pale pink sports bra and light gray shorts, hair down, seated quad stretch, tasteful sexy SFW","wrong identity, different person, face swap, identity drift, duplicate person, extra people, nudity, explicit, nsfw, see-through clothing, exposed nipples, exposed genitals, cameltoe, overly sexual pose, fetish pose, distorted anatomy, extra limbs, missing fingers, bad hands, warped face, plastic skin, over-retouched skin, blurry, low resolution, harsh flash, oversaturated, all-black outfit, dark-only wardrobe, text, watermark, logo"
"female, treadmill row, soft mint tank and white leggings, hair in ponytail, drinking water during cooldown, candid gym lifestyle","wrong identity, different person, face swap, identity drift, duplicate person, extra people, nudity, explicit, nsfw, see-through clothing, exposed nipples, exposed genitals, cameltoe, overly sexual pose, fetish pose, distorted anatomy, extra limbs, missing fingers, bad hands, warped face, plastic skin, over-retouched skin, blurry, low resolution, harsh flash, oversaturated, all-black outfit, dark-only wardrobe, text, watermark, logo"
"female, weightlifting platform, pale blue fitted crop top and cream leggings, hair down, chalking hands before deadlift, gritty realistic gym detail","wrong identity, different person, face swap, identity drift, duplicate person, extra people, nudity, explicit, nsfw, see-through clothing, exposed nipples, exposed genitals, cameltoe, overly sexual pose, fetish pose, distorted anatomy, extra limbs, missing fingers, bad hands, warped face, plastic skin, over-retouched skin, blurry, low resolution, harsh flash, oversaturated, all-black outfit, dark-only wardrobe, text, watermark, logo"
"female, battle rope area, white sports bra and pastel green joggers, hair in bun, battle ropes wave motion, realistic athletic action","wrong identity, different person, face swap, identity drift, duplicate person, extra people, nudity, explicit, nsfw, see-through clothing, exposed nipples, exposed genitals, cameltoe, overly sexual pose, fetish pose, distorted anatomy, extra limbs, missing fingers, bad hands, warped face, plastic skin, over-retouched skin, blurry, low resolution, harsh flash, oversaturated, all-black outfit, dark-only wardrobe, text, watermark, logo"
"female, boxing ring, blush pink crop hoodie and cream shorts, hair down, light footwork drill with gloves raised, clean sports photography","wrong identity, different person, face swap, identity drift, duplicate person, extra people, nudity, explicit, nsfw, see-through clothing, exposed nipples, exposed genitals, cameltoe, overly sexual pose, fetish pose, distorted anatomy, extra limbs, missing fingers, bad hands, warped face, plastic skin, over-retouched skin, blurry, low resolution, harsh flash, oversaturated, all-black outfit, dark-only wardrobe, text, watermark, logo"
"female, MMA gym, pale yellow tank and light gray leggings, hair braided, practicing sprawls on mat, realistic high-energy training","wrong identity, different person, face swap, identity drift, duplicate person, extra people, nudity, explicit, nsfw, see-through clothing, exposed nipples, exposed genitals, cameltoe, overly sexual pose, fetish pose, distorted anatomy, extra limbs, missing fingers, bad hands, warped face, plastic skin, over-retouched skin, blurry, low resolution, harsh flash, oversaturated, all-black outfit, dark-only wardrobe, text, watermark, logo"
"female, yoga studio, cream sports bra and sky blue leggings, hair down, pigeon pose stretch, soft calm studio photo","wrong identity, different person, face swap, identity drift, duplicate person, extra people, nudity, explicit, nsfw, see-through clothing, exposed nipples, exposed genitals, cameltoe, overly sexual pose, fetish pose, distorted anatomy, extra limbs, missing fingers, bad hands, warped face, plastic skin, over-retouched skin, blurry, low resolution, harsh flash, oversaturated, all-black outfit, dark-only wardrobe, text, watermark, logo"
"female, gym mirror, white cropped tank and pale lavender low-rise joggers, hair down, tasteful confident pose holding towel, SFW sexy athletic style","wrong identity, different person, face swap, identity drift, duplicate person, extra people, nudity, explicit, nsfw, see-through clothing, exposed nipples, exposed genitals, cameltoe, overly sexual pose, fetish pose, distorted anatomy, extra limbs, missing fingers, bad hands, warped face, plastic skin, over-retouched skin, blurry, low resolution, harsh flash, oversaturated, all-black outfit, dark-only wardrobe, text, watermark, logo"
"female, leg day station, powder pink long-sleeve crop top and cream leggings, hair in ponytail, Bulgarian split squat with dumbbells, realistic action","wrong identity, different person, face swap, identity drift, duplicate person, extra people, nudity, explicit, nsfw, see-through clothing, exposed nipples, exposed genitals, cameltoe, overly sexual pose, fetish pose, distorted anatomy, extra limbs, missing fingers, bad hands, warped face, plastic skin, over-retouched skin, blurry, low resolution, harsh flash, oversaturated, all-black outfit, dark-only wardrobe, text, watermark, logo"
"female, dumbbell rack, pale green sports bra and white biker shorts, hair down, candid laughing moment while reaching for dumbbell, natural gym lifestyle","wrong identity, different person, face swap, identity drift, duplicate person, extra people, nudity, explicit, nsfw, see-through clothing, exposed nipples, exposed genitals, cameltoe, overly sexual pose, fetish pose, distorted anatomy, extra limbs, missing fingers, bad hands, warped face, plastic skin, over-retouched skin, blurry, low resolution, harsh flash, oversaturated, all-black outfit, dark-only wardrobe, text, watermark, logo"
"female, boxing heavy bag, ivory tank and pastel blue leggings, hair in messy bun, stepping into a jab-cross combo, athletic realistic motion","wrong identity, different person, face swap, identity drift, duplicate person, extra people, nudity, explicit, nsfw, see-through clothing, exposed nipples, exposed genitals, cameltoe, overly sexual pose, fetish pose, distorted anatomy, extra limbs, missing fingers, bad hands, warped face, plastic skin, over-retouched skin, blurry, low resolution, harsh flash, oversaturated, all-black outfit, dark-only wardrobe, text, watermark, logo"
"female, MMA cage, light lavender fitted top and cream joggers, hair down, leaning against cage after drill, confident realistic gym portrait","wrong identity, different person, face swap, identity drift, duplicate person, extra people, nudity, explicit, nsfw, see-through clothing, exposed nipples, exposed genitals, cameltoe, overly sexual pose, fetish pose, distorted anatomy, extra limbs, missing fingers, bad hands, warped face, plastic skin, over-retouched skin, blurry, low resolution, harsh flash, oversaturated, all-black outfit, dark-only wardrobe, text, watermark, logo"
"female, yoga mat, white fitted tee and blush pink leggings, hair in loose braid, sun salutation transition, peaceful studio light","wrong identity, different person, face swap, identity drift, duplicate person, extra people, nudity, explicit, nsfw, see-through clothing, exposed nipples, exposed genitals, cameltoe, overly sexual pose, fetish pose, distorted anatomy, extra limbs, missing fingers, bad hands, warped face, plastic skin, over-retouched skin, blurry, low resolution, harsh flash, oversaturated, all-black outfit, dark-only wardrobe, text, watermark, logo"
"female, indoor track, pale peach sports bra and cream track pants, hair down, stretching hamstrings before run, candid athletic moment","wrong identity, different person, face swap, identity drift, duplicate person, extra people, nudity, explicit, nsfw, see-through clothing, exposed nipples, exposed genitals, cameltoe, overly sexual pose, fetish pose, distorted anatomy, extra limbs, missing fingers, bad hands, warped face, plastic skin, over-retouched skin, blurry, low resolution, harsh flash, oversaturated, all-black outfit, dark-only wardrobe, text, watermark, logo"
"female, gym entrance, light blue zip jacket open over white sports bra and pale gray leggings, hair down, walking in with duffel bag, candid lifestyle","wrong identity, different person, face swap, identity drift, duplicate person, extra people, nudity, explicit, nsfw, see-through clothing, exposed nipples, exposed genitals, cameltoe, overly sexual pose, fetish pose, distorted anatomy, extra limbs, missing fingers, bad hands, warped face, plastic skin, over-retouched skin, blurry, low resolution, harsh flash, oversaturated, all-black outfit, dark-only wardrobe, text, watermark, logo"
"female, squat rack, ivory tank and pastel green leggings, hair in high ponytail, goblet squat warmup with kettlebell, clean realistic gym photo","wrong identity, different person, face swap, identity drift, duplicate person, extra people, nudity, explicit, nsfw, see-through clothing, exposed nipples, exposed genitals, cameltoe, overly sexual pose, fetish pose, distorted anatomy, extra limbs, missing fingers, bad hands, warped face, plastic skin, over-retouched skin, blurry, low resolution, harsh flash, oversaturated, all-black outfit, dark-only wardrobe, text, watermark, logo"
"female, cable machine, soft pink sports bra and white joggers, hair down, cable glute kickback action, tasteful athletic SFW style","wrong identity, different person, face swap, identity drift, duplicate person, extra people, nudity, explicit, nsfw, see-through clothing, exposed nipples, exposed genitals, cameltoe, overly sexual pose, fetish pose, distorted anatomy, extra limbs, missing fingers, bad hands, warped face, plastic skin, over-retouched skin, blurry, low resolution, harsh flash, oversaturated, all-black outfit, dark-only wardrobe, text, watermark, logo"
"female, boxing gym, pale yellow cropped tee and cream shorts, hair down, sitting on bench lacing boxing shoes, candid pre-training photo","wrong identity, different person, face swap, identity drift, duplicate person, extra people, nudity, explicit, nsfw, see-through clothing, exposed nipples, exposed genitals, cameltoe, overly sexual pose, fetish pose, distorted anatomy, extra limbs, missing fingers, bad hands, warped face, plastic skin, over-retouched skin, blurry, low resolution, harsh flash, oversaturated, all-black outfit, dark-only wardrobe, text, watermark, logo"
"female, MMA mat, white sleeveless top and powder blue leggings, hair in ponytail, practicing roundhouse kick at pad, realistic action","wrong identity, different person, face swap, identity drift, duplicate person, extra people, nudity, explicit, nsfw, see-through clothing, exposed nipples, exposed genitals, cameltoe, overly sexual pose, fetish pose, distorted anatomy, extra limbs, missing fingers, bad hands, warped face, plastic skin, over-retouched skin, blurry, low resolution, harsh flash, oversaturated, all-black outfit, dark-only wardrobe, text, watermark, logo"
"female, yoga studio, pale green wrap top and ivory leggings, hair down, kneeling stretch with relaxed posture, natural window light","wrong identity, different person, face swap, identity drift, duplicate person, extra people, nudity, explicit, nsfw, see-through clothing, exposed nipples, exposed genitals, cameltoe, overly sexual pose, fetish pose, distorted anatomy, extra limbs, missing fingers, bad hands, warped face, plastic skin, over-retouched skin, blurry, low resolution, harsh flash, oversaturated, all-black outfit, dark-only wardrobe, text, watermark, logo"
"female, recovery area, blush pink tank and light gray sweatpants, hair in messy bun, using massage gun on quad after workout, candid realistic gym moment","wrong identity, different person, face swap, identity drift, duplicate person, extra people, nudity, explicit, nsfw, see-through clothing, exposed nipples, exposed genitals, cameltoe, overly sexual pose, fetish pose, distorted anatomy, extra limbs, missing fingers, bad hands, warped face, plastic skin, over-retouched skin, blurry, low resolution, harsh flash, oversaturated, all-black outfit, dark-only wardrobe, text, watermark, logo"
"female, weight room, white sports bra and sky blue leggings, hair down, leaning on barbell between sets, tasteful confident gym portrait","wrong identity, different person, face swap, identity drift, duplicate person, extra people, nudity, explicit, nsfw, see-through clothing, exposed nipples, exposed genitals, cameltoe, overly sexual pose, fetish pose, distorted anatomy, extra limbs, missing fingers, bad hands, warped face, plastic skin, over-retouched skin, blurry, low resolution, harsh flash, oversaturated, all-black outfit, dark-only wardrobe, text, watermark, logo"
"female, bench area, cream crop top and pale lavender shorts, hair down, performing single-arm dumbbell row, realistic athletic photo","wrong identity, different person, face swap, identity drift, duplicate person, extra people, nudity, explicit, nsfw, see-through clothing, exposed nipples, exposed genitals, cameltoe, overly sexual pose, fetish pose, distorted anatomy, extra limbs, missing fingers, bad hands, warped face, plastic skin, over-retouched skin, blurry, low resolution, harsh flash, oversaturated, all-black outfit, dark-only wardrobe, text, watermark, logo"
"female, boxing ring corner, pastel blue sports bra and white warmup pants, hair in braid, coach-style focus while adjusting glove tape, candid sports portrait","wrong identity, different person, face swap, identity drift, duplicate person, extra people, nudity, explicit, nsfw, see-through clothing, exposed nipples, exposed genitals, cameltoe, overly sexual pose, fetish pose, distorted anatomy, extra limbs, missing fingers, bad hands, warped face, plastic skin, over-retouched skin, blurry, low resolution, harsh flash, oversaturated, all-black outfit, dark-only wardrobe, text, watermark, logo"
"female, MMA dojo, ivory rashguard and soft mint leggings, hair down, practicing shadow grappling footwork, realistic training shot","wrong identity, different person, face swap, identity drift, duplicate person, extra people, nudity, explicit, nsfw, see-through clothing, exposed nipples, exposed genitals, cameltoe, overly sexual pose, fetish pose, distorted anatomy, extra limbs, missing fingers, bad hands, warped face, plastic skin, over-retouched skin, blurry, low resolution, harsh flash, oversaturated, all-black outfit, dark-only wardrobe, text, watermark, logo"
"female, yoga studio floor, pale pink sports bra and cream leggings, hair down, relaxed child pose, clean peaceful fitness photo","wrong identity, different person, face swap, identity drift, duplicate person, extra people, nudity, explicit, nsfw, see-through clothing, exposed nipples, exposed genitals, cameltoe, overly sexual pose, fetish pose, distorted anatomy, extra limbs, missing fingers, bad hands, warped face, plastic skin, over-retouched skin, blurry, low resolution, harsh flash, oversaturated, all-black outfit, dark-only wardrobe, text, watermark, logo"
"female, gym mirror wall, light gray crop sweatshirt off one shoulder over white sports bra and pastel blue leggings, hair down, tasteful sexy SFW post-workout pose","wrong identity, different person, face swap, identity drift, duplicate person, extra people, nudity, explicit, nsfw, see-through clothing, exposed nipples, exposed genitals, cameltoe, overly sexual pose, fetish pose, distorted anatomy, extra limbs, missing fingers, bad hands, warped face, plastic skin, over-retouched skin, blurry, low resolution, harsh flash, oversaturated, all-black outfit, dark-only wardrobe, text, watermark, logo"
"female, treadmill, pale lavender tank and cream running shorts, hair in ponytail, sprint interval action with focused posture, realistic gym photography","wrong identity, different person, face swap, identity drift, duplicate person, extra people, nudity, explicit, nsfw, see-through clothing, exposed nipples, exposed genitals, cameltoe, overly sexual pose, fetish pose, distorted anatomy, extra limbs, missing fingers, bad hands, warped face, plastic skin, over-retouched skin, blurry, low resolution, harsh flash, oversaturated, all-black outfit, dark-only wardrobe, text, watermark, logo"
"female, kettlebell rack, white fitted tee and blush leggings, hair down, selecting kettlebell from rack, candid workout prep moment","wrong identity, different person, face swap, identity drift, duplicate person, extra people, nudity, explicit, nsfw, see-through clothing, exposed nipples, exposed genitals, cameltoe, overly sexual pose, fetish pose, distorted anatomy, extra limbs, missing fingers, bad hands, warped face, plastic skin, over-retouched skin, blurry, low resolution, harsh flash, oversaturated, all-black outfit, dark-only wardrobe, text, watermark, logo"
"female, boxing gym, cream sports bra and pale green joggers, hair down, wiping sweat with towel beside heavy bag, candid realistic athletic lifestyle","wrong identity, different person, face swap, identity drift, duplicate person, extra people, nudity, explicit, nsfw, see-through clothing, exposed nipples, exposed genitals, cameltoe, overly sexual pose, fetish pose, distorted anatomy, extra limbs, missing fingers, bad hands, warped face, plastic skin, over-retouched skin, blurry, low resolution, harsh flash, oversaturated, all-black outfit, dark-only wardrobe, text, watermark, logo"
"female, MMA mat, powder pink fitted tank and white leggings, hair in bun, practicing defensive guard movement, clean realistic training environment","wrong identity, different person, face swap, identity drift, duplicate person, extra people, nudity, explicit, nsfw, see-through clothing, exposed nipples, exposed genitals, cameltoe, overly sexual pose, fetish pose, distorted anatomy, extra limbs, missing fingers, bad hands, warped face, plastic skin, over-retouched skin, blurry, low resolution, harsh flash, oversaturated, all-black outfit, dark-only wardrobe, text, watermark, logo"
"female, yoga window light, ivory crop tank and soft blue leggings, hair down, standing forward fold stretch, serene realistic photo","wrong identity, different person, face swap, identity drift, duplicate person, extra people, nudity, explicit, nsfw, see-through clothing, exposed nipples, exposed genitals, cameltoe, overly sexual pose, fetish pose, distorted anatomy, extra limbs, missing fingers, bad hands, warped face, plastic skin, over-retouched skin, blurry, low resolution, harsh flash, oversaturated, all-black outfit, dark-only wardrobe, text, watermark, logo"
"female, bright gym hallway, pale peach zip-up jacket over white crop top and cream leggings, hair down, candid walking with shaker bottle, lifestyle gym photo","wrong identity, different person, face swap, identity drift, duplicate person, extra people, nudity, explicit, nsfw, see-through clothing, exposed nipples, exposed genitals, cameltoe, overly sexual pose, fetish pose, distorted anatomy, extra limbs, missing fingers, bad hands, warped face, plastic skin, over-retouched skin, blurry, low resolution, harsh flash, oversaturated, all-black outfit, dark-only wardrobe, text, watermark, logo"
